,frame_number,track_id,car_bbox,lp_bbox,lp_text,lp_conf
0,9,1,"(248, 231, 526, 477)","(340, 412, 375, 436)",8254,0.9998772144317628
1,12,1,"(248, 231, 526, 477)","(340, 413, 374, 435)",8254,0.692804734387268
2,14,1,"(248, 232, 526, 477)","(341, 413, 375, 436)",8254,0.5756275258646447
3,15,1,"(248, 232, 526, 477)","(341, 413, 375, 435)",8254,0.0
4,17,1,"(248, 231, 526, 477)","(341, 413, 375, 435)",8254,0.9999906420707704
5,26,1,"(249, 231, 526, 476)","(338, 412, 376, 437)",8254,0.6020136145967332
6,27,1,"(249, 231, 526, 476)","(338, 412, 376, 437)",8254,0.6020136145967332
7,28,1,"(249, 231, 526, 476)","(338, 412, 376, 437)",8254,0.8453504919754664
8,29,1,"(249, 232, 525, 477)","(332, 413, 375, 438)",8254,0.5677402589571815
9,30,1,"(249, 232, 526, 476)","(337, 412, 376, 438)",8254,0.0
10,31,1,"(249, 232, 525, 477)","(331, 412, 376, 438)",8254,0.9748955368995668
11,32,1,"(249, 232, 525, 476)","(337, 412, 375, 437)",8254,0.678365300887045
12,33,1,"(249, 231, 526, 476)","(339, 412, 376, 437)",8254,0.9730746746063232
13,34,1,"(249, 231, 525, 476)","(336, 412, 375, 436)",8254,0.0
14,35,1,"(249, 231, 525, 476)","(336, 412, 375, 436)",8254,0.0
15,36,1,"(249, 231, 525, 477)","(337, 412, 375, 437)",8254,0.659234873126655
16,37,1,"(249, 231, 525, 477)","(337, 412, 375, 437)",8254,0.659234873126655
17,38,1,"(249, 231, 525, 477)","(337, 412, 375, 437)",8254,0.659234873126655
18,39,1,"(249, 231, 525, 477)","(337, 412, 375, 437)",8254,0.659234873126655
19,40,1,"(249, 231, 525, 477)","(336, 412, 375, 437)",8254,0.6374193287482923
20,41,1,"(249, 231, 526, 477)","(338, 412, 375, 437)",8254,0.7509393501295956
21,42,1,"(249, 231, 525, 477)","(337, 412, 375, 437)",'82545,0.5976287128347237
22,43,1,"(249, 231, 525, 477)","(337, 412, 375, 437)",'82545,0.5976287128347237
23,44,1,"(249, 231, 525, 477)","(337, 412, 375, 437)",'82545,0.5976287128347237
24,46,1,"(249, 231, 526, 477)","(338, 413, 376, 437)",'82545,0.6060763540983652
25,51,1,"(249, 231, 526, 477)","(339, 413, 376, 437)",8254,0.999915361404419
26,52,1,"(249, 231, 526, 477)","(339, 413, 376, 437)",8254,0.999915361404419
27,53,1,"(249, 231, 526, 477)","(339, 413, 376, 437)",8254,0.999915361404419
28,54,1,"(249, 231, 526, 477)","(339, 413, 376, 437)",'82545,0.999915361404419
29,55,1,"(249, 231, 526, 477)","(339, 413, 376, 437)",'82545,0.999915361404419
30,56,1,"(249, 231, 526, 477)","(338, 413, 376, 437)",'82545,0.5726755182788151
31,57,1,"(249, 231, 526, 477)","(338, 413, 376, 437)",8254,0.5726755182788151
32,60,1,"(249, 231, 526, 477)","(338, 413, 376, 437)",8254,0.6060763540983652
33,61,1,"(249, 231, 525, 477)","(337, 412, 376, 436)",8254,0.5177979418780507
34,62,1,"(249, 231, 526, 477)","(338, 413, 376, 437)",8254,0.6060763540983652
35,63,1,"(249, 231, 526, 477)","(338, 413, 376, 437)",8254,0.6060763540983652
36,64,1,"(249, 231, 526, 477)","(338, 413, 376, 437)",8254,0.6060763540983652
37,65,1,"(249, 231, 526, 477)","(338, 413, 376, 437)",8254,0.6060763540983652
38,66,1,"(249, 231, 526, 477)","(339, 413, 376, 437)",8254,0.9979814291000366
39,67,1,"(249, 231, 526, 477)","(338, 413, 376, 437)",8254,0.6060763540983652
40,68,1,"(249, 231, 526, 477)","(339, 413, 376, 437)",8254,0.9979814291000366
41,69,1,"(249, 231, 526, 477)","(339, 413, 376, 437)",8254,0.9979814291000366
42,70,1,"(249, 231, 526, 477)","(339, 413, 376, 437)",8254,0.999915361404419
43,71,1,"(249, 231, 526, 477)","(339, 413, 376, 437)",8254,0.9979814291000366
44,72,1,"(249, 231, 526, 477)","(339, 413, 376, 437)",8254,0.999915361404419
45,73,1,"(249, 231, 526, 477)","(339, 413, 376, 437)",8254,0.999915361404419
46,74,1,"(249, 231, 526, 477)","(339, 412, 376, 437)",8254,0.999449908733368
47,75,1,"(249, 231, 526, 477)","(339, 413, 376, 437)",8254,0.999915361404419
48,76,1,"(249, 231, 526, 477)","(339, 413, 376, 437)",8254,0.999915361404419
49,77,1,"(249, 231, 526, 477)","(339, 413, 376, 437)",8254,0.999915361404419
50,78,1,"(249, 231, 526, 477)","(339, 413, 376, 437)",8254,0.999915361404419
51,79,1,"(249, 231, 526, 477)","(339, 413, 376, 437)",8254,0.999915361404419
52,80,1,"(249, 231, 526, 477)","(339, 413, 376, 437)",8254,0.999915361404419
53,83,1,"(249, 231, 525, 477)","(337, 412, 376, 436)",8254,0.5177979418780507
54,84,1,"(249, 231, 526, 477)","(339, 413, 376, 437)",8254,0.999915361404419
55,97,3,,,R6L,0.7845109637469335
56,109,3,,,R,0.6716455575258671
57,122,3,,,RETL,0.606931209564209
58,126,1,"(248, 232, 526, 478)","(322, 413, 375, 441)",8254,0.5276389296818965
59,127,1,"(248, 232, 526, 478)","(322, 412, 375, 440)",8254,0.5379291792977041
60,128,1,"(248, 232, 526, 478)","(322, 413, 375, 440)",8254,0.0
61,129,1,"(249, 231, 525, 476)","(324, 413, 380, 438)",8254,0.6693798827688506
62,131,1,"(249, 231, 525, 476)","(324, 413, 380, 438)",8254,0.8034132823957795
63,133,1,"(249, 231, 525, 476)","(326, 413, 378, 437)",8254,0.0
64,134,1,"(249, 231, 525, 476)","(326, 413, 379, 437)",8254,0.0
65,136,1,"(249, 231, 525, 476)","(326, 413, 378, 437)",8254,0.0
66,137,1,"(249, 231, 525, 476)","(326, 413, 378, 437)",8254,0.0
67,138,1,"(249, 231, 525, 476)","(326, 413, 378, 437)",8254,0.0
68,139,1,"(249, 231, 525, 476)","(326, 413, 378, 437)",8254,0.0
69,140,1,"(249, 231, 525, 476)","(326, 413, 378, 437)",8254,0.0
70,141,1,"(249, 231, 525, 476)","(326, 413, 378, 437)",8254,0.0
71,143,1,"(249, 231, 525, 476)","(324, 413, 380, 437)",8254,0.0
72,144,1,"(249, 231, 525, 476)","(324, 413, 380, 437)",8254,0.0
73,145,1,"(249, 231, 525, 476)","(324, 413, 380, 437)",8254,0.0
74,146,1,"(249, 231, 525, 476)","(324, 413, 380, 437)",8254,0.0
75,147,1,"(249, 231, 525, 476)","(324, 413, 380, 437)",8254,0.0
76,148,1,"(248, 231, 525, 476)","(325, 413, 377, 438)",8254,0.0
77,149,1,"(249, 231, 525, 476)","(324, 413, 380, 437)",8254,0.0
78,150,1,"(249, 231, 525, 476)","(324, 413, 380, 437)",8254,0.0
79,151,1,"(249, 231, 525, 476)","(324, 413, 379, 437)",8254,0.0
80,152,1,"(249, 231, 525, 476)","(324, 413, 380, 437)",8254,0.0
81,153,1,"(249, 231, 525, 476)","(324, 413, 380, 437)",8254,0.0
82,154,1,"(249, 231, 525, 476)","(324, 413, 380, 437)",8254,0.0
83,154,3,,,RGO6L,0.6177726556950104
84,155,1,"(249, 231, 525, 476)","(324, 413, 380, 437)",8254,0.0
85,156,1,"(249, 231, 525, 476)","(324, 413, 380, 437)",8254,0.0
86,157,1,"(249, 231, 525, 476)","(324, 413, 380, 437)",8254,0.0
87,158,1,"(249, 231, 525, 476)","(324, 413, 380, 437)",8254,0.0
88,159,1,"(249, 231, 525, 476)","(324, 413, 380, 437)",8254,0.0
89,160,1,"(249, 231, 525, 476)","(324, 413, 380, 437)",8254,0.6145335550889435
90,160,3,,,R606L,0.5672396947094002
91,163,3,,,R6o6L,0.7125789257096525
92,166,1,"(249, 231, 526, 477)","(329, 413, 379, 437)",8254,0.827802074193585
93,168,3,"(836, 119, 1072, 394)","(903, 345, 960, 365)",RGO6LI,0.6000145572813526
94,169,1,"(250, 231, 526, 477)","(329, 413, 381, 437)",8254,0.7131304293151032
95,169,3,"(832, 122, 1069, 399)","(899, 349, 956, 369)",RGO6LI,0.5491162828502013
96,170,1,"(250, 231, 526, 477)","(329, 413, 381, 436)",8254,0.5026314092018122
97,170,3,"(829, 125, 1067, 404)","(896, 354, 953, 374)",RGO6LI,0.0
98,171,1,"(250, 231, 526, 477)","(329, 413, 381, 436)",8254,0.5026314092018122
99,171,3,"(823, 128, 1063, 408)","(890, 358, 948, 379)",RGO6LI,0.0
100,172,1,"(249, 231, 526, 477)","(330, 413, 379, 437)",8254,0.9761835260158058
101,172,3,"(820, 132, 1060, 413)","(885, 363, 944, 384)",RGO6LI,0.0
102,173,1,"(249, 231, 526, 477)","(330, 413, 379, 437)",8254,0.9761835260158058
103,173,3,"(814, 136, 1057, 422)","(881, 368, 940, 389)",RGO6LI,0.0
104,174,1,"(249, 231, 526, 477)","(330, 413, 379, 437)",8254,0.9761835260158058
105,174,3,"(810, 139, 1056, 427)","(878, 370, 937, 392)",RGO6LI,0.0
106,175,1,"(249, 231, 526, 477)","(330, 413, 379, 437)",8254,0.9761835260158058
107,175,3,"(805, 144, 1052, 431)","(872, 379, 931, 400)",RGO6LI,0.0
108,176,1,"(249, 231, 526, 477)","(330, 413, 379, 437)",8254,0.9761835260158058
109,176,3,"(799, 146, 1050, 434)","(867, 383, 926, 405)",RGO6LI,0.0
110,177,1,"(249, 231, 526, 477)","(330, 413, 379, 437)",A 8254S,0.9761835260158058
111,177,3,"(795, 148, 1047, 440)","(862, 388, 922, 410)",RGO6LI,0.0
112,178,1,"(249, 231, 526, 477)","(330, 413, 379, 437)",A 8254S,0.9761835260158058
113,178,3,"(789, 151, 1044, 445)","(857, 393, 917, 415)",RGO6LI,0.0
114,179,1,"(249, 231, 526, 477)","(330, 413, 380, 437)",A 8254S,0.9761835260158058
115,179,3,"(785, 153, 1041, 453)","(852, 400, 912, 421)",RGO6LI,0.5595947315261355
116,180,1,"(249, 231, 526, 477)","(330, 413, 380, 437)",A 8254S,0.9761835260158058
117,180,3,"(780, 154, 1038, 458)","(846, 404, 907, 426)",RGO6LI,0.0
118,181,1,"(249, 231, 526, 477)","(330, 413, 380, 437)",A 8254S,0.9761835260158058
119,181,3,"(772, 150, 1039, 463)","(841, 410, 902, 432)",RGO6LI,0.0
120,182,1,"(249, 231, 526, 477)","(330, 413, 380, 437)",A 8254S,0.9761835260158058
121,182,3,"(766, 152, 1036, 468)","(835, 416, 897, 438)",RGO6LI,0.0
122,183,1,"(249, 231, 526, 477)","(330, 413, 380, 437)",A 8254S,0.9761835260158058
123,183,3,"(761, 152, 1035, 474)","(829, 421, 891, 445)",RGO6LI,0.0
124,184,1,"(249, 231, 526, 477)","(329, 413, 380, 437)",A 8254S,0.5657491169262593
125,184,3,"(757, 157, 1033, 482)","(823, 428, 885, 450)",RGO6LI,0.0
126,185,1,"(249, 231, 526, 477)","(330, 413, 380, 437)",A 8254S,0.9761835260158058
127,185,3,"(746, 168, 1022, 487)","(817, 434, 880, 456)",RGO6LI,0.0
128,186,1,"(249, 231, 526, 477)","(330, 413, 380, 437)",A 8254S,0.9761835260158058
129,186,3,"(742, 171, 1023, 492)","(811, 439, 873, 462)",RGO6LI,0.0
130,187,1,"(249, 231, 526, 477)","(330, 413, 380, 437)",A 8254S,0.9761835260158058
131,187,3,"(736, 185, 1009, 498)","(805, 445, 868, 468)",RGO6LI,0.0
132,188,1,"(249, 231, 526, 477)","(329, 413, 380, 437)",A 8254S,0.5657491169262593
133,188,3,"(728, 195, 1001, 506)","(798, 451, 861, 474)",RGO6LI,0.0
134,189,1,"(249, 231, 526, 477)","(330, 413, 380, 437)",A 8254S,0.9761835260158058
135,189,3,"(719, 199, 997, 513)","(791, 457, 854, 480)",RGO6LI,0.0
136,190,1,"(249, 231, 526, 477)","(330, 413, 380, 437)",A 8254S,0.9761835260158058
137,190,3,"(711, 202, 994, 520)","(784, 464, 848, 488)",RGO6LI,0.0
138,191,1,"(249, 231, 526, 477)","(330, 413, 380, 437)",A 8254S,0.9761835260158058
139,191,3,"(706, 206, 988, 526)","(777, 470, 841, 494)",RGO6LI,0.0
140,192,1,"(249, 231, 526, 477)","(330, 413, 380, 437)",A 8254S,0.9761835260158058
141,192,3,"(699, 213, 984, 534)","(770, 477, 835, 501)",RGO6LI,0.0
142,193,1,"(249, 231, 526, 477)","(330, 413, 379, 437)",A 8254S,0.9761835260158058
143,193,3,"(689, 217, 980, 540)","(762, 483, 827, 508)",RGO6LI,0.0
144,194,1,"(249, 231, 526, 477)","(330, 413, 379, 437)",A 8254S,0.9761835260158058
145,194,3,"(649, 221, 975, 548)","(755, 490, 820, 515)",RGO6LI,0.0
146,195,1,"(249, 231, 526, 477)","(330, 413, 379, 437)",A 8254S,0.9761835260158058
147,195,3,"(653, 224, 967, 553)","(747, 497, 813, 522)",RGO6LI,0.0
148,196,1,"(249, 231, 526, 477)","(330, 413, 379, 437)",A 8254S,0.9761835260158058
149,196,3,"(656, 229, 961, 563)","(739, 503, 805, 529)",RGO6LI,0.0
150,197,1,"(249, 231, 526, 477)","(330, 413, 379, 437)",A 8254S,0.9761835260158058
151,197,3,"(646, 235, 955, 569)","(731, 511, 797, 536)",RGO6LI,0.0
152,198,1,"(249, 231, 526, 477)","(330, 413, 379, 437)",A 8254S,0.9761835260158058
153,198,3,"(643, 239, 950, 578)","(723, 519, 790, 544)",RGO6LI,0.0
154,199,1,"(249, 231, 526, 477)","(329, 413, 379, 437)",A 8254S,0.827802074193585
155,199,3,"(638, 247, 944, 585)","(713, 523, 784, 559)",RGO6LI,0.0
156,200,3,"(631, 252, 936, 594)","(705, 533, 773, 559)",RGO6LI,0.0
157,201,1,"(250, 231, 525, 478)","(329, 413, 379, 438)",A 8254S,0.7433584124099536
158,201,3,"(622, 257, 932, 603)","(696, 541, 766, 567)",RGO6LI,0.0
159,202,1,"(249, 231, 525, 478)","(329, 413, 378, 438)",A 8254S,0.0
160,202,3,"(611, 263, 931, 609)","(688, 550, 757, 575)",RGO6LI,0.0
161,203,1,"(249, 231, 525, 478)","(329, 413, 378, 438)",A 8254S,0.0
162,203,3,"(602, 270, 933, 617)","(679, 558, 747, 583)",RGO6LI,0.0
163,204,1,"(249, 231, 525, 478)","(329, 413, 378, 438)",A 8254S,0.0
164,204,3,"(595, 274, 933, 628)","(669, 566, 739, 593)",RGO6LI,0.0
165,205,1,"(249, 231, 525, 478)","(329, 413, 378, 438)",A 8254S,0.0
166,205,3,"(584, 279, 926, 635)","(660, 575, 730, 601)",RGO6LI,0.0
167,206,1,"(249, 231, 525, 478)","(329, 413, 378, 438)",A 8254S,0.0
168,206,3,"(574, 287, 927, 641)","(650, 582, 721, 610)",RGO6LI,0.0
169,207,1,"(249, 231, 525, 478)","(329, 413, 378, 438)",A 8254S,0.0
170,207,3,"(564, 289, 892, 651)","(640, 591, 711, 618)",RGO6LI,0.0
171,208,1,"(249, 231, 525, 478)","(329, 413, 378, 438)",A 8254S,0.0
172,208,3,"(553, 295, 884, 661)","(629, 600, 701, 627)",RGO6LI,0.0
173,209,1,"(249, 231, 525, 478)","(329, 413, 378, 438)",A 8254S,0.0
174,209,3,"(543, 302, 876, 674)","(620, 609, 691, 637)",RGO6LI,0.0
175,210,1,"(249, 231, 525, 478)","(329, 413, 378, 438)",A 8254S,0.0
176,210,3,"(532, 307, 869, 684)","(610, 620, 680, 650)",RGO6LI,0.0
177,211,1,"(249, 231, 525, 478)","(330, 413, 378, 438)",A 8254S,0.7115162023502819
178,211,3,"(520, 315, 864, 691)","(599, 628, 672, 658)",RGO6LI,0.0
179,213,3,"(498, 329, 865, 708)","(576, 647, 650, 676)",RGO6LI,0.0
180,214,1,"(249, 231, 525, 477)","(331, 413, 377, 437)",A 8254S,0.0
181,214,3,"(486, 333, 855, 715)","(565, 656, 639, 686)",RGO6LI,0.0
182,215,1,"(249, 232, 525, 478)","(325, 413, 380, 439)",A 8254S,0.5521658996996979
183,215,3,"(474, 341, 850, 716)","(554, 666, 630, 696)",RGO6LI,0.0
184,216,1,"(249, 232, 525, 478)","(325, 413, 380, 439)",A 8254S,0.5521658996996979
185,216,3,"(462, 344, 816, 716)","(541, 676, 618, 709)",RGO6LI,0.0
186,217,3,"(448, 352, 810, 715)","(529, 687, 606, 712)",RGO6LI,0.0
187,218,3,"(437, 361, 799, 715)","(517, 700, 594, 715)",RGO6LI,0.0
188,221,1,"(248, 231, 524, 475)","(324, 413, 385, 443)",A 8254S,0.6521445057001358
189,222,1,"(248, 230, 524, 475)","(326, 411, 382, 448)",A 8254S,0.8372664447787787
190,223,1,"(248, 230, 524, 474)","(327, 413, 382, 441)",A 8254S,0.8887931632970161
191,224,1,"(248, 230, 524, 474)","(329, 413, 383, 443)",A 8254S,0.5079964724284997
192,225,1,"(248, 230, 524, 473)","(327, 412, 382, 444)",A 8254S,0.93554180850381
193,226,1,"(248, 230, 523, 473)","(324, 413, 382, 443)",A 8254S,0.5753168999099573
194,227,1,"(248, 230, 524, 473)","(327, 412, 382, 442)",A 8254S,0.9413624991554568
195,228,1,"(248, 230, 523, 473)","(324, 413, 382, 443)",8254S,0.5753168999099573
196,229,1,"(248, 230, 523, 473)","(324, 413, 382, 443)",8254S,0.5753168999099573
197,230,1,"(248, 230, 523, 474)","(325, 413, 382, 443)",8254S,0.0
198,231,1,"(248, 230, 523, 474)","(325, 413, 382, 443)",8254S,0.0
199,232,1,"(248, 230, 523, 475)","(328, 413, 380, 441)",8254S,0.9401596713535518
200,233,1,"(249, 230, 525, 478)","(337, 413, 380, 437)",8254S,0.6121629723916001
201,234,1,"(249, 231, 525, 478)","(329, 413, 380, 438)",8254S,0.7628626002900795
202,235,1,"(249, 230, 525, 478)","(337, 413, 380, 437)",8254S,0.6121629723916001
203,236,1,"(249, 230, 525, 478)","(337, 413, 380, 437)",8254S,0.6121629723916001
204,237,1,"(249, 230, 525, 478)","(337, 413, 380, 437)",8254S,0.6121629723916001
205,238,1,"(249, 230, 525, 477)","(335, 412, 379, 437)",8254S,0.7255319412791975
206,239,1,"(249, 230, 525, 477)","(335, 412, 379, 437)",8254S,0.7255319412791975
207,240,1,"(249, 230, 525, 477)","(328, 412, 376, 436)",8254S,0.83834578636269
208,241,1,"(249, 230, 525, 477)","(326, 412, 378, 437)",8254S,0.9299874386670572
209,244,1,"(249, 230, 525, 477)","(325, 412, 380, 437)",8254S,0.7494728670076999
210,245,1,"(249, 231, 525, 477)","(329, 412, 381, 437)",8254S,0.6555107472574974
211,246,1,"(249, 231, 525, 477)","(329, 412, 381, 437)",8254S,0.6555107472574974
212,247,1,"(249, 230, 525, 477)","(325, 412, 380, 437)",8254S,0.7494728670076999
213,248,1,"(249, 230, 525, 477)","(325, 412, 380, 437)",8254S,0.7494728670076999
214,249,1,"(249, 230, 525, 477)","(325, 412, 380, 437)",A 8254S,0.7494728670076999
215,250,1,"(249, 230, 525, 477)","(325, 412, 380, 437)",A 8254S,0.7494728670076999
216,251,1,"(249, 231, 525, 477)","(326, 413, 379, 437)",A 8254S,0.0
217,252,1,"(249, 231, 525, 477)","(329, 412, 380, 437)",A 8254S,0.0
218,253,1,"(249, 231, 525, 477)","(329, 412, 380, 437)",A 8254S,0.0
219,254,1,"(249, 231, 525, 477)","(329, 412, 380, 437)",A 8254S,0.0
220,255,1,"(249, 231, 525, 477)","(329, 412, 380, 437)",A 8254S,0.0
221,256,1,"(249, 231, 525, 477)","(329, 412, 380, 437)",A 8254S,0.0
222,257,13,,,U,0.6703948401938966
223,257,1,"(249, 231, 525, 477)","(328, 412, 377, 437)",A 8254S,0.5086226123153266
224,258,1,"(249, 231, 525, 477)","(328, 412, 377, 437)",8254S,0.5086226123153266
225,259,1,"(249, 231, 525, 477)","(328, 412, 377, 437)",8254S,0.5086226123153266
226,260,1,"(249, 231, 525, 477)","(328, 412, 377, 437)",8254S,0.5086226123153266
227,261,1,"(249, 231, 525, 477)","(328, 412, 377, 437)",8254=,0.5086226123153266
228,262,1,"(249, 231, 525, 477)","(329, 412, 377, 437)",8254=,0.6405354584118229
229,263,1,"(249, 231, 525, 477)","(328, 412, 377, 437)",8254=,0.5086226123153266
230,264,1,"(249, 231, 525, 476)","(327, 412, 377, 437)",8254=,0.0
231,265,1,"(249, 231, 525, 477)","(328, 412, 377, 437)",8254=,0.5086226123153266
232,266,1,"(249, 231, 525, 477)","(328, 412, 377, 437)",8254=,0.5086226123153266
233,267,1,"(249, 231, 525, 476)","(327, 412, 377, 437)",8254=,0.0
234,268,1,"(249, 231, 525, 476)","(327, 412, 377, 437)",8254=,0.0
235,269,1,"(249, 231, 525, 476)","(327, 412, 377, 437)",8254=,0.0
236,270,1,"(249, 231, 525, 476)","(327, 412, 377, 437)",8254=,0.0
237,271,1,"(249, 231, 525, 476)","(327, 412, 377, 437)",8254=,0.0
238,272,1,"(249, 231, 525, 477)","(329, 412, 376, 437)",8254=,0.999560804235024
239,273,1,"(249, 231, 525, 477)","(328, 412, 375, 437)",8254=,0.999535426362017
240,273,13,"(1028, 23, 1279, 232)","(1089, 181, 1137, 199)",E6z05,0.7107350689680335
241,274,1,"(249, 231, 525, 477)","(329, 412, 375, 437)",8254=,0.9330650311043444
242,274,13,"(1025, 27, 1278, 236)","(1085, 185, 1133, 203)",E6z05,0.7688741103710862
243,275,1,"(249, 231, 525, 477)","(328, 412, 375, 437)",8254=,0.9997107240676308
244,275,13,"(1021, 31, 1278, 239)","(1081, 188, 1129, 207)",E6z05,0.6004623243470291
245,276,1,"(249, 231, 525, 477)","(328, 412, 374, 437)",8254=,0.8362071507429569
246,276,13,"(1017, 33, 1274, 244)","(1076, 191, 1125, 210)",E6z05,0.7338947963203917
247,277,1,"(249, 231, 525, 477)","(328, 412, 374, 437)",8254=,0.8362071507429569
248,277,13,"(1009, 37, 1269, 248)","(1072, 194, 1121, 213)",E6z05,0.0
249,278,1,"(249, 231, 525, 477)","(328, 412, 374, 437)",8254=,0.8362071507429569
250,278,13,"(1005, 41, 1262, 253)","(1068, 199, 1117, 218)",E6z05,0.902204133777568
251,279,1,"(249, 231, 525, 477)","(328, 412, 374, 437)",8254=,0.8362071507429569
252,279,13,"(998, 43, 1257, 258)","(1063, 202, 1113, 221)",F6705,0.5545856126580568
253,280,1,"(249, 231, 525, 477)","(329, 412, 374, 437)",8254=,0.8362071507429569
254,280,13,"(993, 46, 1250, 262)","(1059, 209, 1109, 226)",F6705,0.0
255,281,1,"(249, 231, 525, 477)","(329, 412, 374, 437)",8254=,0.8362071507429569
256,281,13,"(989, 50, 1246, 266)","(1055, 214, 1105, 231)",F6705,0.8465961240259458
257,282,1,"(249, 231, 525, 477)","(328, 412, 374, 437)",8254_,0.8362071507429569
258,282,13,"(985, 53, 1241, 270)","(1051, 217, 1102, 235)",F6705,0.8571981833542595
259,283,1,"(249, 231, 525, 477)","(329, 412, 374, 437)",8254_,0.8362071507429569
260,283,13,"(980, 56, 1235, 279)","(1047, 222, 1098, 241)",F6705,0.0
261,284,1,"(249, 231, 525, 477)","(329, 412, 374, 437)",8254_,0.8362071507429569
262,284,13,"(975, 61, 1231, 283)","(1042, 227, 1094, 245)",F6705,0.0
263,285,1,"(249, 231, 525, 477)","(329, 412, 374, 437)",8254_,0.8362071507429569
264,285,13,"(968, 64, 1228, 287)","(1038, 232, 1090, 250)",F6705,0.0
265,286,1,"(249, 231, 525, 477)","(329, 412, 374, 437)",8254_,0.8362071507429569
266,286,13,"(961, 67, 1222, 294)","(1034, 237, 1086, 255)",F6705,0.8479941112654356
267,287,1,"(249, 231, 525, 477)","(329, 412, 374, 437)",8254_,0.8362071507429569
268,287,13,"(960, 70, 1221, 297)","(1030, 241, 1082, 259)",F6705,0.5331054201496696
269,288,1,"(249, 231, 525, 477)","(329, 412, 374, 437)",8254_,0.8362071507429569
270,288,13,"(955, 73, 1217, 302)","(1027, 246, 1079, 265)",F6705,0.7242967400362712
271,289,1,"(249, 231, 525, 477)","(328, 412, 374, 437)",8254_,0.8362071507429569
272,289,13,"(953, 76, 1213, 308)","(1023, 251, 1075, 270)",F6705,0.5577590391713898
273,290,1,"(249, 231, 525, 477)","(328, 412, 374, 437)",8254_,0.8362071507429569
274,290,13,"(947, 82, 1203, 312)","(1019, 255, 1072, 275)",F6705,0.799843074563541
275,291,1,"(249, 231, 525, 477)","(329, 412, 374, 437)",8254_,0.8362071507429569
276,291,13,"(943, 85, 1200, 317)","(1015, 260, 1069, 281)",F6705,0.726058761636338
277,292,1,"(249, 231, 525, 477)","(328, 412, 374, 437)",8254_,0.8362071507429569
278,292,13,"(939, 88, 1197, 323)","(1011, 266, 1065, 286)",F6705,0.0
279,293,1,"(249, 231, 525, 477)","(328, 412, 374, 437)",8254_,0.8362071507429569
280,293,13,"(935, 94, 1193, 327)","(1007, 272, 1061, 291)",F6705,0.5816237222569651
281,294,1,"(249, 231, 525, 477)","(328, 412, 374, 437)",8254_,0.8362071507429569
282,294,13,"(929, 97, 1188, 331)","(1002, 277, 1057, 296)",E6705,0.8426059793152191
283,295,1,"(249, 231, 525, 477)","(329, 412, 374, 437)",8254_,0.8362071507429569
284,295,13,"(925, 101, 1185, 335)","(998, 282, 1053, 302)",E6705,0.5470993286543278
285,296,1,"(249, 231, 525, 477)","(329, 412, 374, 437)",8254_,0.7632824860626518
286,296,13,"(920, 105, 1181, 341)","(993, 286, 1049, 306)",E6705,0.0
287,297,1,"(249, 231, 525, 477)","(329, 412, 374, 437)",8254_,0.9966265430781808
288,297,13,"(915, 109, 1177, 348)","(989, 292, 1044, 311)",E6705,0.0
289,298,13,"(909, 113, 1171, 355)","(984, 296, 1040, 317)",E6705,0.7539346310568882
290,298,1,"(249, 231, 526, 477)","(327, 412, 375, 439)",8254_,0.5282722216077698
291,299,13,"(903, 116, 1169, 361)","(979, 302, 1035, 322)",E6705,0.0
292,299,1,"(249, 231, 525, 478)","(329, 413, 375, 438)",8254_,0.6006344331061275
293,300,1,"(249, 232, 525, 476)","(329, 412, 380, 437)",8254_,0.0
294,300,13,"(897, 123, 1167, 365)","(974, 308, 1031, 328)",E6705,0.8760365409161638
295,301,1,"(249, 231, 525, 478)","(337, 413, 378, 438)",8254_,0.0
296,301,13,"(892, 124, 1163, 372)","(969, 313, 1026, 334)",E6705,0.7896426902492351
297,302,13,"(888, 130, 1157, 379)","(964, 319, 1021, 340)",E6705,0.9568482404303512
298,303,1,"(249, 231, 525, 477)","(336, 412, 376, 438)",8254_,0.9994045495986938
299,303,13,"(882, 134, 1154, 383)","(959, 324, 1017, 345)",E6705,0.6853425724096268
300,304,1,"(249, 230, 525, 477)","(332, 412, 376, 438)",8254_,0.9999948740005492
301,304,13,"(876, 138, 1150, 391)","(954, 331, 1012, 352)",E6705,0.95906652236437
302,305,1,"(249, 231, 525, 477)","(339, 412, 375, 437)",8254_,0.6236984702763753
303,305,13,"(870, 144, 1147, 397)","(949, 336, 1007, 358)",E6705,0.0
304,306,13,"(864, 146, 1144, 405)","(943, 343, 1002, 365)",E6705,0.7629578176675699
305,306,1,"(249, 231, 525, 477)","(338, 412, 375, 437)",8254_,0.9999481439590454
306,307,1,"(249, 230, 525, 477)","(330, 412, 376, 438)",8254_,0.0
307,307,13,"(858, 147, 1138, 407)","(937, 350, 997, 372)",E6705,0.0
308,308,1,"(249, 230, 525, 477)","(330, 412, 376, 438)",8254_,0.999925434589386
309,308,13,"(853, 148, 1134, 417)","(932, 356, 992, 378)",E6705,0.0
310,309,1,"(249, 230, 525, 477)","(330, 412, 376, 438)",8254_,0.0
311,309,13,"(846, 152, 1131, 424)","(926, 363, 987, 385)",E6705,0.6501705632892086
312,310,1,"(249, 230, 525, 477)","(330, 412, 376, 438)",8254_,0.0
313,310,13,"(840, 158, 1128, 429)","(921, 370, 982, 392)",E6705,0.0
314,311,1,"(249, 231, 525, 477)","(335, 412, 375, 438)",8254_,0.9968389668726078
315,311,13,"(834, 168, 1123, 438)","(916, 375, 977, 398)",E6705,0.0
316,312,1,"(249, 231, 525, 477)","(336, 412, 375, 438)",8254_,0.7045156522343424
317,312,13,"(828, 172, 1119, 444)","(910, 381, 971, 405)",E6705,0.6340983436995057
318,313,13,"(821, 179, 1115, 449)","(904, 388, 966, 411)",E6705,0.0
319,314,13,"(814, 183, 1109, 456)","(898, 396, 960, 418)",E6705,0.5213624099293948
320,315,1,"(249, 231, 525, 477)","(336, 412, 375, 438)",8254,0.7045156522343424
321,315,13,"(809, 190, 1106, 464)","(893, 401, 955, 426)",E6705,0.0
322,316,1,"(249, 231, 525, 477)","(336, 412, 375, 438)",8254,0.7045156522343424
323,316,13,"(803, 196, 1101, 473)","(887, 410, 950, 433)",E6705,0.0
324,317,13,"(796, 200, 1098, 481)","(880, 416, 944, 440)",E6705,0.0
325,317,1,"(249, 231, 525, 477)","(336, 412, 375, 438)",8254,0.7045156522343424
326,318,13,"(790, 203, 1092, 490)","(874, 426, 938, 448)",E670S,0.7081533310877839
327,318,1,"(249, 231, 525, 477)","(337, 412, 375, 438)",8254,0.9998422265052797
328,319,13,"(782, 208, 1090, 494)","(868, 433, 933, 456)",E670S,0.0
329,319,1,"(249, 231, 525, 477)","(337, 412, 375, 438)",8254,0.9998422265052797
330,320,13,"(776, 215, 1085, 501)","(862, 440, 928, 463)",E670S,0.0
331,320,1,"(249, 231, 525, 477)","(337, 412, 375, 438)",8254,0.9998422265052797
332,321,13,"(768, 222, 1080, 508)","(855, 446, 921, 470)",E670S,0.5558009048957792
333,322,13,"(762, 226, 1076, 518)","(849, 455, 916, 478)",E670S,0.0
334,322,1,"(249, 231, 525, 477)","(329, 412, 374, 437)",8254,0.6142426054035625
335,323,13,"(756, 230, 1072, 525)","(843, 462, 910, 486)",E670S,0.6478737658889371
336,323,1,"(249, 231, 525, 477)","(329, 412, 374, 437)",8254,0.6142426054035625
337,324,13,"(748, 235, 1071, 535)","(836, 471, 904, 494)",E670S,0.0
338,324,1,"(249, 231, 525, 477)","(329, 412, 374, 437)",8254,0.6142426054035625
339,325,13,"(742, 239, 1065, 541)","(830, 478, 898, 502)",E670S,0.588457922349686
340,325,1,"(249, 231, 525, 477)","(329, 412, 374, 437)",8254,0.6142426054035625
341,326,13,"(734, 244, 1060, 552)","(823, 486, 891, 510)",E670S,0.6895721827778429
342,326,1,"(249, 231, 525, 477)","(335, 412, 376, 437)",8254,0.999997854232788
343,327,13,"(728, 248, 1053, 559)","(816, 494, 885, 518)",E670S,0.0
344,327,1,"(249, 231, 525, 477)","(328, 412, 374, 437)",82543,0.672579946152908
345,328,13,"(718, 258, 1047, 569)","(810, 503, 878, 527)",E670S,0.0
346,328,1,"(249, 231, 525, 477)","(328, 412, 374, 437)",82543,0.9940205430707364
347,329,1,"(249, 231, 525, 477)","(328, 412, 374, 437)",82543,0.9777139539849782
348,329,13,"(713, 264, 1043, 576)","(803, 511, 872, 535)",E670S,0.8725106430706093
349,330,1,"(249, 231, 525, 477)","(328, 412, 374, 437)",8254_,0.9957478315049636
350,330,13,"(703, 274, 1045, 589)","(796, 518, 866, 544)",E670S,0.0
351,331,1,"(249, 231, 525, 477)","(328, 412, 375, 437)",8254_,0.9999946355819702
352,331,13,"(696, 280, 1034, 597)","(789, 528, 859, 553)",E670S,0.8960356586956123
353,332,1,"(249, 231, 525, 477)","(328, 412, 374, 437)",8254_,0.9952592336149524
354,332,13,"(687, 283, 1028, 606)","(782, 537, 853, 562)",E670S,0.0
355,333,1,"(249, 231, 525, 477)","(327, 412, 374, 437)",8254_,0.5763570234390065
356,333,13,"(664, 291, 1024, 615)","(775, 545, 846, 571)",E670S,0.6061788753606676
357,334,1,"(249, 231, 525, 477)","(328, 412, 374, 437)",8254_,0.995351514642339
358,334,13,"(662, 296, 1018, 625)","(767, 555, 839, 581)",E670S,0.8027730421064172
359,335,1,"(249, 231, 525, 477)","(328, 412, 374, 437)",8254_,0.995351514642339
360,335,13,"(662, 302, 1012, 633)","(760, 564, 832, 590)",E670S,0.7000491940838902
361,336,1,"(249, 231, 525, 477)","(328, 412, 374, 437)",8254_,0.995351514642339
362,336,13,"(648, 309, 1007, 648)","(751, 574, 825, 600)",IA E670S,0.5143360214841196
363,337,1,"(249, 231, 525, 477)","(331, 412, 377, 437)",8254_,0.5826213923635775
364,337,13,"(645, 316, 1001, 669)","(744, 582, 818, 610)",IA E670S,0.8142672955035132
365,338,1,"(249, 232, 525, 477)","(332, 413, 379, 437)",8254_,0.783362891795684
366,338,13,"(639, 324, 996, 665)","(737, 593, 811, 620)",IA E670S,0.6393399769799984
367,339,13,"(632, 329, 992, 682)","(729, 603, 803, 631)",IA E670S,0.5505059782942094
368,339,1,"(249, 232, 525, 477)","(334, 413, 377, 437)",8254_,0.624762628827028
369,340,1,"(249, 232, 525, 478)","(333, 413, 378, 438)",8254_,0.0
370,341,1,"(249, 231, 525, 477)","(337, 412, 377, 436)",8254_,0.5732808993502744
371,342,1,"(249, 231, 525, 478)","(335, 412, 377, 437)",8254_,0.0
372,343,1,"(249, 231, 525, 477)","(336, 412, 379, 436)",8254_,0.9099242121169642
373,344,1,"(249, 232, 525, 477)","(333, 413, 377, 438)",8254_,0.0
374,345,1,"(249, 232, 525, 477)","(334, 413, 377, 437)",8254_,0.0
375,346,1,"(249, 231, 525, 477)","(336, 412, 375, 437)",8254_,0.9999752044677734
376,347,1,"(249, 232, 525, 477)","(334, 413, 378, 437)",8254_,0.0
377,348,1,"(249, 232, 525, 477)","(334, 413, 378, 437)",8254_,0.0
378,349,1,"(249, 232, 525, 477)","(333, 413, 377, 437)",8254_,0.0
379,350,1,"(249, 232, 525, 477)","(333, 413, 377, 437)",8254_,0.0
380,351,1,"(249, 232, 525, 477)","(334, 413, 377, 437)",8254_,0.0
381,353,1,"(249, 232, 525, 478)","(330, 413, 378, 438)",8254_,0.0
382,354,1,"(249, 231, 525, 478)","(333, 412, 377, 437)",8254_,0.0
383,355,1,"(249, 231, 525, 478)","(333, 412, 377, 437)",8254_,0.0
384,356,1,"(249, 231, 525, 478)","(333, 412, 377, 437)",8254_,0.0
385,357,1,"(249, 231, 525, 478)","(332, 412, 377, 437)",8254_,0.0
386,358,1,"(249, 231, 525, 477)","(333, 412, 373, 437)",8254_,0.9998952150344848
387,359,1,"(249, 231, 525, 477)","(332, 412, 373, 437)",8254_,0.9995598978837263
388,360,1,"(249, 231, 525, 477)","(332, 412, 373, 437)",8254_,0.9995598978837263
389,361,1,"(249, 231, 525, 477)","(333, 412, 373, 437)",8254_,0.9319700726713542
390,362,1,"(249, 232, 525, 477)","(334, 413, 379, 437)",8254_,0.8683133600167404
391,363,1,"(249, 231, 525, 477)","(334, 412, 373, 437)",8254,0.9999359846115112
392,364,1,"(249, 231, 525, 477)","(334, 412, 373, 437)",8254,0.9999359846115112
393,365,1,"(249, 231, 525, 477)","(334, 412, 373, 437)",8254,0.9999359846115112
394,366,1,"(249, 231, 525, 477)","(334, 412, 374, 437)",8254,0.6901791271524282
395,367,1,"(249, 231, 525, 477)","(334, 412, 374, 437)",8254,0.6901791271524282
396,368,1,"(249, 231, 525, 477)","(334, 412, 374, 437)",8254,0.6901791271524282
397,369,1,"(249, 231, 525, 477)","(334, 412, 374, 437)",8254,0.6901791271524282
398,370,1,"(249, 231, 525, 477)","(333, 412, 374, 437)",8254,0.994481205718156
399,371,1,"(249, 231, 525, 477)","(334, 412, 374, 437)",8254,0.6901791271524282
400,372,1,"(249, 231, 525, 477)","(334, 412, 374, 437)",8254_,0.6901791271524282
401,373,1,"(249, 231, 525, 477)","(334, 412, 374, 437)",8254_,0.6901791271524282
402,374,1,"(249, 231, 525, 477)","(334, 412, 374, 437)",8254_,0.6901791271524282
403,375,1,"(249, 231, 525, 477)","(335, 412, 373, 437)",8254_,0.9999446868896484
404,376,1,"(249, 231, 525, 477)","(335, 412, 373, 437)",8254_,0.9999446868896484
405,377,1,"(249, 231, 525, 477)","(334, 412, 373, 437)",8254_,0.9865590394307476
406,378,1,"(249, 231, 525, 477)","(334, 412, 373, 437)",8254_,0.7197925090835653
407,379,1,"(249, 231, 525, 477)","(334, 412, 373, 437)",8254_,0.9809158200169534
408,380,1,"(249, 231, 525, 477)","(334, 412, 373, 437)",8254_,0.9809158200169534
409,381,1,"(249, 231, 525, 477)","(334, 412, 373, 437)",8254,0.9809158200169534
410,382,1,"(249, 231, 525, 477)","(336, 412, 373, 437)",8254,0.9991402468112086
411,383,1,"(249, 231, 525, 477)","(334, 412, 373, 437)",8254,0.9809158200169534
412,384,1,"(249, 231, 525, 477)","(334, 412, 373, 437)",8254,0.9809158200169534
413,385,1,"(249, 232, 525, 477)","(336, 413, 380, 437)",8254,0.6208631803895512
414,386,1,"(249, 232, 525, 477)","(336, 413, 380, 437)",8254,0.6208631803895512
415,387,1,"(249, 232, 525, 477)","(336, 413, 380, 437)",8254,0.6208631803895512
416,388,1,"(249, 232, 525, 477)","(336, 413, 380, 437)",8254,0.6208631803895512
417,389,1,"(249, 232, 525, 477)","(337, 413, 380, 437)",8254,0.6208631803895512
418,390,1,"(249, 232, 525, 477)","(337, 413, 380, 437)",8254,0.6208631803895512
419,391,1,"(249, 232, 525, 477)","(337, 413, 380, 437)",8254,0.6208631803895512
420,392,1,"(249, 232, 525, 477)","(337, 413, 380, 437)",8254,0.5366497476385919
421,393,1,"(249, 232, 525, 477)","(337, 413, 380, 437)",8254S,0.5366497476385919
422,394,1,"(249, 232, 525, 477)","(338, 413, 380, 437)",8254S,0.8825367315440797
423,395,1,"(249, 232, 525, 477)","(337, 413, 380, 437)",8254S,0.85930210673087
424,396,1,"(249, 232, 525, 477)","(337, 413, 380, 437)",8254S,0.5831241857491457
425,397,1,"(249, 232, 525, 477)","(337, 413, 380, 437)",8254S,0.0
426,398,1,"(249, 232, 525, 477)","(336, 413, 380, 437)",8254S,0.6650022582969289
427,399,1,"(249, 232, 525, 477)","(336, 413, 380, 437)",8254S,0.6650022582969289
428,400,1,"(249, 232, 525, 477)","(336, 413, 380, 437)",8254S,0.6650022582969289
429,401,1,"(249, 232, 525, 477)","(337, 413, 380, 437)",8254S,0.7292894022162612
430,402,1,"(249, 232, 525, 478)","(333, 414, 380, 438)",8254S,0.5326177324122799
431,403,1,"(249, 232, 525, 478)","(332, 414, 381, 438)",8254S,0.8551231530273959
432,404,1,"(249, 232, 525, 478)","(333, 414, 381, 438)",8254S,0.9935760287194776
433,405,1,"(249, 232, 525, 478)","(330, 413, 381, 438)",8254S,0.0
434,406,1,"(249, 232, 525, 478)","(329, 413, 381, 438)",8254S,0.5458932206580115
435,407,1,"(249, 232, 525, 478)","(332, 414, 381, 438)",8254S,0.7481493265252187
436,408,1,"(249, 232, 525, 478)","(332, 414, 381, 438)",8254S,0.7481493265252187
437,409,1,"(249, 232, 525, 478)","(332, 414, 381, 438)",8254S,0.7290100598975022
438,410,1,"(249, 232, 525, 478)","(332, 414, 381, 438)",8254S,0.7290100598975022
439,411,1,"(249, 232, 525, 478)","(332, 414, 381, 438)",8254S,0.7290100598975022
440,412,1,"(249, 232, 525, 478)","(332, 414, 381, 438)",8254S,0.7290100598975022
441,413,1,"(249, 232, 525, 478)","(332, 414, 381, 438)",8254S,0.7290100598975022
442,414,1,"(249, 232, 525, 478)","(333, 414, 381, 438)",8254S,0.7772988152646768
443,415,1,"(249, 232, 525, 478)","(333, 414, 381, 438)",8254S,0.7772988152646768
444,416,1,"(249, 232, 525, 478)","(333, 414, 381, 438)",8254S,0.7772988152646768
445,417,1,"(249, 232, 525, 478)","(329, 413, 381, 438)",4 8254S,0.7542901678456995
446,418,1,"(249, 232, 525, 478)","(332, 413, 381, 438)",4 8254S,0.7665610735263042
447,419,1,"(249, 232, 525, 478)","(331, 413, 381, 438)",4 8254S,0.7848211967775262
448,420,1,"(249, 232, 525, 478)","(331, 413, 381, 438)",4 8254S,0.7848211967775262
449,421,1,"(249, 232, 525, 478)","(331, 413, 381, 438)",4 8254S,0.7665610735263042
450,422,1,"(249, 232, 525, 478)","(332, 413, 381, 438)",4 8254S,0.7665610735263042
451,423,1,"(249, 232, 525, 478)","(332, 413, 381, 438)",8254S,0.7665610735263042
452,424,1,"(249, 232, 525, 478)","(332, 413, 381, 438)",8254S,0.7665610735263042
453,425,1,"(249, 232, 525, 478)","(332, 413, 381, 438)",8254S,0.7665610735263042
454,426,1,"(249, 232, 525, 478)","(330, 413, 382, 438)",8254S,0.8272807608088725
455,427,1,"(249, 232, 525, 478)","(330, 413, 382, 438)",8254S,0.8272807608088725
456,428,1,"(249, 232, 525, 478)","(330, 413, 382, 438)",8254S,0.8418922456931329
457,429,1,"(249, 232, 525, 478)","(330, 413, 382, 438)",8254S,0.8064505583788945
458,431,1,"(249, 232, 525, 478)","(332, 413, 382, 438)",8254S,0.9342620551221522
459,432,1,"(249, 232, 525, 478)","(332, 413, 382, 438)",8254S,0.9342620551221522
460,433,1,"(249, 232, 525, 478)","(330, 413, 382, 438)",8254S,0.8279422585306078
461,434,1,"(249, 232, 525, 478)","(330, 413, 382, 438)",8254S,0.6688474740193304
462,435,1,"(249, 232, 525, 478)","(331, 413, 381, 438)",8254S,0.9558971709868568
463,436,1,"(249, 232, 525, 478)","(331, 413, 381, 438)",8254S,0.7581405617865326
464,437,1,"(249, 233, 525, 478)","(328, 414, 382, 440)",8254S,0.7700508297322198
465,438,1,"(249, 232, 525, 478)","(330, 413, 381, 439)",8254S,0.7788831541980029
466,439,1,"(249, 233, 525, 478)","(326, 414, 382, 440)",8254S,0.6706598702953601
467,440,1,"(249, 233, 525, 478)","(327, 414, 382, 439)",8254S,0.7742139960786742
468,441,1,"(249, 233, 525, 478)","(329, 414, 382, 439)",8254S,0.7195400027972516
469,442,1,"(249, 233, 525, 478)","(329, 414, 382, 439)",8254S,0.7996974749803132
470,443,1,"(249, 233, 525, 478)","(329, 414, 382, 439)",8254S,0.722926575226488
471,444,1,"(249, 233, 525, 478)","(328, 414, 382, 439)",8254S,0.0
472,445,1,"(249, 233, 525, 478)","(329, 414, 382, 439)",8254S,0.0
473,446,1,"(249, 233, 525, 478)","(328, 414, 382, 439)",8254S,0.6956504539538748
474,447,1,"(249, 233, 525, 478)","(328, 414, 382, 439)",8254S,0.6956504539538748
475,448,1,"(249, 233, 525, 478)","(328, 414, 382, 439)",8254S,0.6956504539538748
476,449,1,"(249, 232, 525, 478)","(330, 413, 381, 438)",8254S,0.91589936662952
477,450,1,"(249, 232, 525, 478)","(331, 413, 381, 438)",8254S,0.9417647616049348
478,452,1,"(249, 232, 525, 478)","(329, 413, 381, 439)",8254S,0.65265536441657
479,453,1,"(249, 232, 525, 478)","(329, 413, 381, 439)",8254S,0.0
480,454,1,"(249, 232, 525, 478)","(329, 413, 382, 439)",8254S,0.8135762985253452
481,455,1,"(249, 232, 525, 478)","(329, 413, 382, 439)",8254S,0.5116011890203409
482,456,1,"(249, 232, 525, 478)","(329, 413, 382, 439)",8254S,0.8135762985253452
483,457,1,"(249, 232, 525, 478)","(326, 413, 382, 440)",8254S,0.0
484,458,1,"(249, 232, 525, 478)","(326, 413, 382, 440)",8254S,0.0
485,459,1,"(249, 232, 525, 478)","(329, 413, 382, 438)",8254S,0.0
486,460,1,"(249, 232, 526, 478)","(329, 413, 382, 439)",8254S,0.0
487,461,1,"(249, 232, 526, 478)","(329, 413, 382, 439)",8254S,0.9097151489288556
488,462,1,"(249, 232, 525, 478)","(329, 413, 382, 439)",8254S,0.9097151489288556
489,463,1,"(249, 232, 525, 478)","(329, 413, 382, 439)",8254S,0.9097151489288556
490,464,1,"(249, 232, 525, 478)","(330, 413, 381, 439)",8254S,0.5239663380044267
491,465,1,"(249, 232, 525, 478)","(329, 413, 382, 439)",8254S,0.0
492,466,1,"(249, 232, 526, 478)","(328, 413, 382, 439)",8254S,0.5454842628514763
493,467,1,"(249, 233, 525, 478)","(326, 414, 381, 439)",8254S,0.0
494,468,1,"(249, 234, 526, 478)","(327, 414, 382, 441)",8254S,0.8599506245722476
495,469,1,"(249, 233, 526, 479)","(327, 415, 381, 440)",8254S,0.8661245318417266
496,470,1,"(249, 232, 526, 479)","(326, 415, 381, 440)",8254S,0.8691725508571685
497,471,1,"(249, 233, 526, 479)","(327, 415, 381, 441)",8254S,0.9362118073814256
498,472,1,"(249, 233, 526, 479)","(325, 415, 381, 441)",8254S,0.5535454116532155
499,474,1,"(249, 233, 526, 479)","(326, 415, 382, 440)",8254S,0.5795986263896168
500,475,1,"(249, 234, 526, 479)","(324, 415, 380, 441)",8254S,0.0
501,476,1,"(249, 233, 526, 479)","(325, 414, 382, 439)",8254S,0.9487023224162108
502,477,1,"(249, 233, 526, 479)","(326, 415, 381, 440)",8254S,0.0
503,478,1,"(249, 234, 526, 479)","(326, 415, 381, 440)",8254S,0.0
504,479,1,"(249, 233, 526, 479)","(328, 414, 381, 439)",8254S,0.8177371353937607
505,482,1,"(249, 233, 526, 478)","(324, 414, 382, 440)",8254S,0.713150549412097
506,483,1,"(249, 232, 526, 478)","(324, 414, 382, 438)",8254S,0.7900935935384457
507,484,1,"(249, 232, 526, 478)","(324, 414, 382, 438)",8254S,0.6787530209260425
508,485,1,"(249, 232, 526, 478)","(324, 414, 382, 438)",8254S,0.0
509,486,1,"(249, 232, 526, 478)","(324, 414, 381, 439)",8254S,0.0
510,487,1,"(249, 232, 526, 478)","(324, 414, 381, 439)",8254S,0.0
511,488,1,"(249, 232, 526, 478)","(324, 414, 381, 439)",8254S,0.0
512,489,1,"(249, 232, 526, 478)","(324, 414, 381, 439)",8254S,0.0
513,490,1,"(249, 232, 526, 478)","(324, 414, 381, 439)",8254S,0.0
514,491,1,"(249, 232, 526, 478)","(325, 414, 381, 439)",8254S,0.5772775732761146
515,492,1,"(249, 232, 526, 478)","(325, 414, 381, 439)",8254S,0.0
516,493,1,"(249, 231, 526, 478)","(324, 413, 382, 439)",8254S,0.8264341990604439
517,494,1,"(249, 231, 525, 478)","(324, 413, 381, 438)",8254S,0.5147628722992005
518,495,1,"(249, 231, 525, 478)","(324, 412, 381, 437)",8254S,0.7627377560949633
519,496,1,"(249, 231, 525, 478)","(324, 413, 381, 438)",8254S,0.0
520,497,1,"(249, 231, 526, 478)","(324, 413, 381, 439)",8254S,0.5016028475727902
521,498,1,"(249, 231, 525, 478)","(324, 413, 381, 438)",8254S,0.6035024269590272
522,499,1,"(249, 231, 525, 478)","(324, 413, 381, 438)",8254S,0.6786435304536775
523,500,1,"(250, 232, 526, 477)","(325, 413, 380, 437)",8254S,0.0
524,501,1,"(250, 232, 526, 477)","(325, 413, 380, 437)",8254S,0.0
525,502,1,"(249, 232, 526, 477)","(326, 413, 380, 438)",8254S,0.0
526,503,1,"(249, 232, 526, 477)","(326, 413, 380, 438)",8254S,0.0
527,504,1,"(249, 232, 526, 477)","(326, 413, 380, 438)",8254S,0.0
528,505,1,"(249, 232, 526, 477)","(326, 413, 380, 438)",8254S,0.0
529,506,1,"(250, 232, 526, 477)","(326, 413, 381, 437)",8254S,0.6112517281199411
530,507,1,"(249, 235, 525, 477)","(324, 412, 381, 438)",JA 82545,0.6871670572914327
531,508,1,"(250, 232, 526, 476)","(324, 415, 382, 439)",JA 82545,0.8101550922412508
532,509,1,"(250, 234, 526, 477)","(325, 412, 381, 439)",JA 82545,0.5329606243115372
533,510,1,"(249, 234, 526, 478)","(328, 415, 380, 440)",JA 82545,0.6037649287774869
534,511,1,"(250, 232, 526, 477)","(328, 413, 380, 437)",JA 82545,0.6027953910126096
535,512,1,"(250, 232, 526, 477)","(331, 413, 381, 437)",JA 82545,0.0
536,517,1,"(250, 231, 526, 476)","(327, 413, 380, 438)",JA 82545,0.5219657459374161
537,518,1,"(250, 231, 526, 476)","(328, 412, 380, 438)",JA 82545,0.0
538,519,1,"(250, 232, 526, 476)","(326, 413, 380, 438)",JA 82545,0.0
539,520,1,"(250, 232, 525, 477)","(328, 413, 378, 438)",JA 82545,0.0
540,521,1,"(250, 234, 526, 476)","(325, 413, 378, 439)",JA 82545,0.0
541,522,1,"(250, 232, 526, 478)","(327, 414, 380, 440)",8254S,0.5699184940998767
542,523,1,"(250, 232, 526, 477)","(326, 413, 379, 438)",8254S,0.7185235209130261
543,524,1,"(250, 233, 526, 476)","(326, 413, 379, 437)",8254S,0.7822558731690971
544,525,1,"(250, 233, 526, 478)","(326, 414, 379, 439)",8254S,0.0
545,526,1,"(250, 232, 526, 477)","(328, 413, 380, 439)",8254S,0.6198882776040131
546,527,1,"(249, 233, 526, 477)","(325, 414, 379, 440)",8254S,0.0
547,528,1,"(249, 233, 526, 477)","(324, 414, 379, 440)",JA 82545,0.9408620589238218
548,529,1,"(250, 234, 526, 478)","(326, 414, 379, 439)",JA 82545,0.5499228940002938
549,529,15,,,M,0.9653663678946032
550,530,1,"(250, 233, 526, 477)","(327, 414, 381, 440)",JA 82545,0.9530739598964868
551,531,1,"(250, 233, 525, 477)","(328, 413, 378, 439)",JA 82545,0.0
552,532,1,"(250, 233, 526, 477)","(326, 414, 379, 439)",JA 82545,0.0
553,533,1,"(250, 233, 525, 477)","(327, 414, 379, 439)",JA 82545,0.5936217279230428
554,534,1,"(250, 233, 525, 477)","(327, 414, 379, 439)",JA 82545,0.0
555,534,15,"(917, 1, 1085, 90)","(975, 49, 1014, 63)",M,0.9005073329237945
556,535,1,"(250, 233, 525, 477)","(331, 413, 381, 439)",JA 82545,0.6691702445157336
557,535,15,"(914, 1, 1085, 95)","(973, 52, 1013, 67)",M,0.0
558,536,1,"(250, 233, 526, 477)","(325, 414, 379, 439)",JA 82545,0.9595920113288372
559,536,15,"(912, 0, 1086, 98)","(973, 55, 1012, 70)",M,0.0
560,537,1,"(250, 233, 526, 477)","(325, 414, 379, 439)",8254S,0.9595920113288372
561,537,15,"(910, 0, 1086, 102)","(970, 57, 1010, 73)",M,0.620312352084381
562,538,1,"(250, 233, 526, 477)","(325, 414, 379, 439)",8254S,0.9595920113288372
563,538,15,"(909, 0, 1086, 105)","(969, 61, 1009, 76)",M,0.0
564,539,1,"(250, 233, 526, 477)","(325, 414, 379, 439)",8254S,0.9988518674458788
565,539,15,"(906, 0, 1084, 105)","(969, 65, 1008, 79)",M,0.0
566,540,15,"(904, 0, 1084, 108)","(966, 68, 1006, 83)",M,0.0
567,540,1,"(250, 234, 525, 477)","(326, 414, 379, 440)",8254S,0.0
568,541,15,"(902, 0, 1084, 113)","(964, 71, 1005, 86)",M,0.0
569,541,1,"(250, 233, 526, 477)","(325, 414, 379, 440)",8254S,0.7705490029082483
570,542,15,"(901, 0, 1082, 119)","(962, 74, 1004, 89)",M,0.0
571,542,1,"(250, 233, 526, 477)","(325, 414, 379, 439)",8254S,0.9994432509224715
572,543,15,"(898, 0, 1081, 121)","(964, 78, 1002, 93)",M,0.0
573,543,1,"(250, 233, 526, 477)","(325, 414, 379, 440)",8254S,0.0
574,544,15,"(896, 0, 1080, 122)","(959, 81, 1000, 96)",M,0.0
575,544,1,"(250, 233, 526, 477)","(325, 414, 379, 439)",8254S,0.9637688345282278
576,545,15,"(894, 0, 1078, 129)","(957, 84, 999, 99)",M,0.0
577,545,1,"(250, 233, 526, 477)","(325, 414, 379, 439)",8254S,0.0
578,546,15,"(890, 0, 1077, 130)","(955, 87, 997, 102)",M,0.0
579,546,1,"(250, 233, 526, 477)","(325, 413, 379, 439)",8254S,0.0
580,547,15,"(887, 0, 1077, 137)","(955, 91, 995, 107)",M,0.0
581,547,1,"(250, 233, 526, 477)","(325, 413, 379, 439)",8254S,0.5204145124718369
582,548,15,"(885, 0, 1076, 139)","(952, 95, 994, 110)",M,0.0
583,548,1,"(250, 233, 526, 477)","(325, 414, 379, 439)",8254S,0.0
584,549,1,"(250, 233, 526, 477)","(325, 413, 379, 439)",8254S,0.0
585,549,15,"(883, 0, 1074, 142)","(950, 99, 992, 115)",M,0.0
586,550,1,"(250, 232, 526, 477)","(326, 413, 378, 438)",8254S,0.0
587,550,15,"(881, 0, 1072, 146)","(947, 101, 991, 118)",M,0.0
588,551,1,"(250, 234, 526, 477)","(328, 413, 377, 440)",8254S,0.0
589,551,15,"(880, 0, 1071, 151)","(945, 106, 988, 121)",M,0.0
590,552,1,"(250, 232, 526, 477)","(329, 413, 380, 439)",8254S,0.5496181035933696
591,552,15,"(877, 0, 1070, 153)","(944, 108, 986, 125)",M,0.0
592,553,1,"(250, 232, 526, 477)","(326, 413, 379, 437)",8254S,0.8001077513387999
593,553,15,"(876, 0, 1068, 153)","(940, 112, 986, 129)",M,0.0
594,554,15,"(872, 0, 1068, 160)","(938, 115, 983, 131)",M,0.0
595,554,1,"(250, 232, 526, 477)","(325, 413, 379, 438)",8254S,0.0
596,555,15,"(871, 1, 1068, 165)","(937, 119, 981, 136)",M,0.0
597,555,1,"(250, 232, 526, 477)","(326, 413, 380, 438)",8254S,0.57765495928658
598,556,15,"(868, 3, 1065, 173)","(934, 123, 978, 140)",M,0.0
599,556,1,"(250, 232, 526, 477)","(326, 413, 379, 438)",8254S,0.0
600,557,15,"(866, 9, 1064, 173)","(932, 127, 977, 144)",M,0.0
601,557,1,"(250, 232, 526, 476)","(325, 412, 380, 438)",8254S,0.6774989909596095
602,558,15,"(864, 12, 1062, 178)","(929, 132, 975, 148)",M,0.0
603,558,1,"(250, 232, 526, 477)","(328, 413, 378, 437)",8254S,0.0
604,559,15,"(860, 15, 1061, 187)","(926, 136, 974, 156)",M,0.0
605,559,1,"(250, 232, 526, 477)","(326, 413, 378, 438)",8254S,0.0
606,560,15,"(857, 19, 1059, 187)","(925, 142, 970, 159)",M,0.8173533082008362
607,560,1,"(249, 234, 525, 476)","(325, 412, 381, 440)",8254S,0.0
608,561,15,"(853, 23, 1057, 189)","(922, 146, 968, 162)",M,0.7669087052345276
609,561,1,"(250, 232, 525, 477)","(329, 414, 379, 438)",8254S,0.0
610,562,15,"(849, 25, 1055, 197)","(922, 150, 966, 167)",M,0.0
611,562,1,"(249, 235, 525, 477)","(326, 414, 381, 441)",8254S,0.9659168789325484
612,563,15,"(848, 31, 1052, 200)","(919, 155, 963, 172)",M,0.0
613,563,1,"(250, 232, 526, 477)","(325, 413, 380, 439)",8254S,0.9492506700533774
614,564,15,"(845, 33, 1052, 205)","(916, 158, 961, 175)",M,0.0
615,565,1,"(250, 232, 525, 477)","(326, 413, 380, 438)",8254S,0.0
616,565,15,"(843, 36, 1050, 217)","(911, 162, 959, 180)",M,0.0
617,566,15,"(839, 40, 1048, 219)","(909, 167, 956, 186)",M,0.0
618,566,1,"(250, 232, 525, 477)","(326, 413, 379, 438)",8254S,0.0
619,567,15,"(836, 44, 1048, 221)","(905, 171, 954, 189)",M,0.0
620,567,1,"(249, 232, 526, 477)","(324, 413, 379, 440)",8254S,0.7682805016592498
621,568,15,"(834, 47, 1046, 228)","(904, 176, 950, 194)",M,0.0
622,568,1,"(250, 232, 525, 477)","(325, 413, 380, 438)",8254S,0.6511950969868189
623,569,15,"(831, 52, 1042, 233)","(900, 181, 948, 198)",M,0.0
624,569,1,"(250, 232, 525, 477)","(326, 413, 381, 439)",8254S,0.0
625,570,1,"(249, 232, 525, 477)","(324, 413, 379, 438)",8254S,0.0
626,570,17,"(1146, 0, 1279, 137)","(1209, 97, 1254, 114)",WKT,0.7485070048597399
627,570,15,"(827, 55, 1042, 234)","(899, 186, 945, 204)",396L,0.9532711505889891
628,571,1,"(249, 232, 525, 477)","(323, 413, 381, 441)",8254S,0.5136283098192749
629,571,17,"(1142, 0, 1279, 142)","(1207, 100, 1253, 117)",WKT,0.0
630,571,15,"(823, 60, 1040, 240)","(896, 191, 943, 209)",396L,0.0
631,572,1,"(249, 232, 525, 477)","(323, 413, 381, 442)",8254S,0.6788038568666882
632,572,17,"(1140, 0, 1279, 144)","(1205, 104, 1252, 121)",WKT,0.0
633,572,15,"(819, 63, 1038, 247)","(892, 196, 940, 215)",396L,0.0
634,573,1,"(250, 232, 525, 477)","(325, 413, 382, 440)",8254S,0.0
635,573,17,"(1140, 0, 1279, 147)","(1205, 106, 1249, 124)",WKT,0.0
636,573,15,"(816, 67, 1037, 252)","(888, 201, 937, 220)",396L,0.660331385641691
637,574,15,"(813, 71, 1035, 258)","(886, 206, 934, 225)",396L,0.0
638,574,17,"(1138, 0, 1279, 151)","(1204, 110, 1249, 127)",WKT,0.0
639,574,1,"(250, 232, 525, 477)","(325, 413, 382, 440)",8254S,0.0
640,575,15,"(808, 75, 1033, 261)","(883, 212, 931, 231)",396L,0.0
641,575,17,"(1136, 0, 1279, 155)","(1201, 113, 1248, 131)",WKT,0.0
642,575,1,"(249, 233, 525, 477)","(323, 413, 377, 441)",8254S,0.0
643,576,15,"(804, 79, 1032, 264)","(879, 216, 928, 236)",396L,0.0
644,576,1,"(249, 233, 525, 477)","(323, 413, 378, 441)",8254S,0.0
645,576,17,"(1133, 0, 1279, 158)","(1199, 117, 1246, 134)",WKT,0.0
646,577,15,"(797, 84, 1032, 270)","(876, 222, 924, 241)",396L,0.0
647,577,1,"(249, 233, 525, 477)","(323, 413, 377, 441)",8254S,0.0
648,577,17,"(1130, 0, 1279, 162)","(1198, 120, 1244, 138)",WKT,0.0
649,578,17,"(1129, 1, 1279, 165)","(1197, 123, 1243, 142)",WKT,0.0
650,578,15,"(796, 88, 1032, 278)","(874, 228, 922, 247)",396L,0.0
651,579,1,"(249, 233, 525, 477)","(323, 413, 377, 440)",8254S,0.0
652,579,15,"(791, 92, 1033, 286)","(867, 233, 918, 252)",396L,0.5122712507779227
653,579,17,"(1127, 3, 1279, 170)","(1194, 127, 1241, 146)",WKT,0.0
654,580,15,"(788, 95, 1030, 290)","(865, 240, 914, 259)",396L,0.0
655,580,17,"(1125, 6, 1279, 174)","(1193, 132, 1239, 150)",WKT,0.0
656,581,15,"(784, 100, 1024, 298)","(863, 246, 911, 264)",396L,0.0
657,581,17,"(1123, 9, 1279, 178)","(1191, 135, 1238, 157)",WKT,0.0
658,582,17,"(1122, 12, 1279, 182)","(1188, 141, 1236, 160)",WKT,0.0
659,582,15,"(768, 105, 1020, 305)","(857, 252, 907, 271)",396L,0.7969205213095677
660,583,17,"(1119, 14, 1279, 188)","(1187, 145, 1235, 164)",WKT,0.0
661,583,15,"(765, 109, 1016, 311)","(855, 257, 903, 277)",396L,0.0
662,584,1,"(249, 232, 526, 477)","(324, 413, 378, 438)",8254S,0.0
663,584,17,"(1117, 18, 1279, 192)","(1186, 149, 1233, 168)",WKT,0.0
664,584,15,"(764, 113, 1011, 319)","(848, 265, 899, 283)",396L,0.0
665,585,1,"(249, 232, 526, 477)","(328, 413, 381, 439)",JA 8254S,0.7020107919486767
666,585,15,"(761, 119, 1008, 325)","(844, 271, 895, 290)",396L,0.0
667,585,17,"(1114, 22, 1279, 198)","(1184, 153, 1231, 171)",WKT,0.0
668,586,1,"(249, 232, 526, 477)","(326, 413, 380, 439)",JA 8254S,0.0
669,586,17,"(1111, 24, 1279, 200)","(1181, 158, 1230, 177)",WKT,0.0
670,587,1,"(249, 232, 525, 477)","(326, 413, 382, 439)",JA 8254S,0.5952174026176272
671,587,15,"(754, 129, 1004, 337)","(837, 283, 888, 303)",396L,0.0
672,587,17,"(1109, 29, 1279, 207)","(1180, 162, 1228, 181)",WKT,0.0
673,588,1,"(249, 232, 525, 477)","(328, 413, 379, 438)",JA 8254S,0.0
674,588,15,"(750, 133, 1000, 344)","(830, 288, 883, 311)",396L,0.0
675,588,17,"(1108, 32, 1279, 213)","(1177, 167, 1226, 185)",WKT,0.0
676,589,15,"(748, 139, 997, 351)","(825, 294, 879, 318)",396L,0.0
677,589,1,"(249, 232, 525, 477)","(326, 413, 379, 438)",JA 8254S,0.0
678,589,17,"(1105, 36, 1279, 213)","(1176, 172, 1225, 191)",WKT,0.0
679,590,1,"(249, 232, 526, 477)","(328, 413, 378, 438)",JA 8254S,0.0
680,590,15,"(744, 146, 993, 362)","(820, 300, 873, 320)",396L,0.5389797987010086
681,590,17,"(1103, 40, 1279, 211)","(1173, 177, 1224, 196)",WKT,0.0
682,591,1,"(249, 232, 526, 477)","(326, 413, 378, 439)",JA 8254S,0.0
683,591,15,"(738, 149, 992, 360)","(814, 306, 869, 327)",396L,0.0
684,591,17,"(1100, 44, 1279, 226)","(1172, 183, 1222, 202)",WKT,0.0
685,592,15,"(731, 149, 989, 363)","(809, 313, 864, 333)",396L,0.6509955322389454
686,592,1,"(249, 232, 526, 477)","(327, 413, 378, 438)",JA 8254S,0.8084127392683436
687,592,17,"(1096, 46, 1279, 231)","(1170, 189, 1221, 207)",WKT,0.5101523482612147
688,593,1,"(249, 232, 526, 477)","(326, 413, 380, 439)",JA 8254S,0.0
689,593,17,"(1094, 50, 1279, 238)","(1168, 194, 1219, 213)",WKT,0.0
690,593,15,"(725, 149, 987, 376)","(805, 320, 859, 340)",396L,0.6771209894019936
691,594,1,"(249, 232, 526, 477)","(326, 413, 379, 439)",JA 8254S,0.0
692,594,15,"(720, 161, 983, 384)","(799, 326, 854, 348)",396L,0.0
693,594,17,"(1091, 55, 1279, 241)","(1166, 199, 1217, 218)",WKT,0.0
694,595,17,"(1090, 61, 1279, 245)","(1164, 204, 1217, 224)",WKT,0.0
695,595,15,"(713, 169, 977, 391)","(794, 333, 848, 353)",396L,0.0
696,596,1,"(249, 232, 526, 477)","(324, 413, 376, 439)",JA 8254S,0.0
697,596,15,"(707, 178, 978, 395)","(789, 340, 843, 363)",396L,0.0
698,596,17,"(1088, 66, 1279, 254)","(1162, 208, 1214, 229)",WKT,0.0
699,597,1,"(249, 232, 525, 477)","(324, 413, 374, 438)",JA 8254S,0.6056471057591364
700,597,17,"(1088, 68, 1279, 261)","(1159, 215, 1212, 235)",WKT,0.605859958520741
701,597,15,"(700, 183, 974, 405)","(781, 348, 837, 370)",396L,0.0
702,598,1,"(249, 232, 526, 477)","(331, 413, 378, 439)",JA 8254S,0.5046569571353495
703,598,17,"(1084, 74, 1280, 264)","(1157, 219, 1210, 239)",WKT,0.706067765757501
704,598,15,"(694, 187, 972, 414)","(775, 356, 831, 378)",396L,0.5654756191697926
705,599,17,"(1082, 78, 1280, 270)","(1155, 224, 1209, 245)",WKT,0.0
706,599,1,"(249, 232, 525, 477)","(325, 413, 374, 437)",JA 8254S,0.5955965563454585
707,599,15,"(687, 193, 963, 422)","(768, 365, 826, 387)",396L,0.0
708,600,17,"(1079, 82, 1280, 276)","(1153, 229, 1207, 251)",WKT,0.0
709,600,1,"(249, 232, 525, 477)","(334, 413, 376, 437)",8254S,0.7781885872564038
710,600,15,"(681, 202, 961, 431)","(762, 372, 820, 395)",396L,0.8082821897494452
711,601,1,"(249, 232, 525, 477)","(335, 413, 376, 437)",8254S,0.5090926572269708
712,601,17,"(1077, 87, 1280, 282)","(1151, 234, 1205, 255)",WKT,0.0
713,601,15,"(671, 206, 954, 440)","(755, 381, 814, 404)",396L,0.0
714,602,1,"(249, 232, 525, 478)","(328, 413, 381, 440)",8254S,0.0
715,602,17,"(1069, 92, 1279, 292)","(1149, 242, 1203, 262)",WKT,0.7830495174191225
716,602,15,"(649, 213, 951, 449)","(749, 390, 808, 414)",396L,0.0
717,603,17,"(1062, 96, 1279, 297)","(1146, 249, 1201, 269)",WKT,0.7778589883371892
718,603,1,"(249, 232, 525, 478)","(329, 413, 381, 440)",8254S,0.8814991654126241
719,603,15,"(644, 217, 946, 457)","(743, 397, 801, 421)",396L,0.0
720,604,1,"(249, 232, 525, 478)","(328, 413, 382, 440)",8254S,0.0
721,604,17,"(1059, 101, 1279, 304)","(1144, 255, 1199, 276)",WKT,0.997134154010126
722,604,15,"(643, 224, 943, 470)","(733, 407, 795, 429)",396L,0.8738571155077594
723,605,1,"(249, 232, 526, 478)","(325, 413, 382, 441)",8254S,0.6092374166116888
724,605,17,"(1058, 106, 1279, 310)","(1141, 260, 1196, 282)",WKT,0.0
725,605,15,"(639, 231, 938, 479)","(727, 415, 788, 441)",396L,0.0
726,606,17,"(1057, 110, 1279, 317)","(1140, 268, 1194, 288)",WKT,0.0
727,606,15,"(633, 239, 933, 488)","(723, 424, 781, 449)",3k961,0.523572729979406
728,606,1,"(249, 232, 526, 478)","(326, 413, 381, 440)",8254S,0.0
729,607,1,"(249, 232, 526, 477)","(328, 413, 380, 439)",8254S,0.6964894693846074
730,607,17,"(1055, 116, 1278, 324)","(1136, 275, 1192, 296)",WKT,0.0
731,607,15,"(627, 245, 932, 496)","(713, 433, 774, 458)",3k961,0.8168455167990807
732,608,15,"(617, 252, 930, 505)","(705, 443, 766, 468)",3k961,0.0
733,608,1,"(249, 232, 525, 477)","(330, 413, 379, 438)",8254S,0.0
734,608,17,"(1053, 122, 1278, 329)","(1133, 283, 1189, 302)",WKT,0.0
735,609,17,"(1052, 127, 1278, 334)","(1131, 289, 1187, 309)",WKT,0.8615511411460526
736,609,1,"(249, 232, 525, 478)","(328, 413, 381, 440)",8254S,0.970721775555986
737,609,15,"(607, 258, 930, 514)","(698, 452, 759, 479)",3k961,0.6140321428587021
738,610,1,"(249, 232, 525, 478)","(328, 413, 381, 440)",8254S,0.7895119411954551
739,610,15,"(600, 268, 926, 523)","(690, 461, 751, 487)",3k961,0.0
740,610,17,"(1049, 132, 1278, 340)","(1128, 294, 1185, 316)",WKT,0.6883402378397295
741,611,15,"(590, 273, 919, 533)","(678, 472, 743, 498)",3k961,0.0
742,611,17,"(1047, 138, 1277, 350)","(1126, 301, 1184, 323)",WKT,0.0
743,612,17,"(1043, 144, 1275, 359)","(1123, 309, 1181, 330)",96836,0.9150978682972982
744,612,15,"(582, 283, 906, 545)","(668, 483, 735, 507)",3k961,0.0
745,613,1,"(249, 233, 525, 478)","(326, 413, 382, 441)",8254S,0.7815933184779167
746,613,15,"(573, 290, 897, 556)","(660, 493, 727, 518)",3k961,0.0
747,613,17,"(1039, 145, 1273, 366)","(1121, 316, 1179, 337)",96836,0.9264351148633496
748,614,1,"(249, 232, 525, 478)","(328, 413, 381, 440)",8254S,0.803596549584289
749,614,15,"(563, 297, 892, 567)","(652, 503, 719, 528)",3k961,0.0
750,614,17,"(1036, 149, 1273, 375)","(1118, 322, 1177, 344)",96836,0.8456886173014269
751,615,15,"(553, 305, 885, 577)","(643, 514, 710, 543)",3k961,0.0
752,615,1,"(249, 232, 525, 478)","(328, 413, 381, 440)",8254S,0.0
753,615,17,"(1033, 157, 1272, 382)","(1114, 329, 1175, 351)",96836,0.8753891910223119
754,616,15,"(543, 314, 880, 587)","(633, 525, 701, 552)",3k961,0.6333074427289086
755,616,1,"(249, 232, 525, 478)","(328, 413, 381, 440)",8254S,0.0
756,616,17,"(1028, 168, 1270, 391)","(1112, 338, 1172, 360)",96836,0.9939833582004772
757,617,15,"(533, 321, 875, 600)","(623, 537, 692, 565)",3k961,0.0
758,617,1,"(249, 232, 525, 478)","(328, 413, 381, 440)",8254S,0.0
759,617,17,"(1025, 173, 1271, 398)","(1109, 346, 1170, 368)",96836,0.9550406520045835
760,618,15,"(518, 331, 868, 613)","(614, 549, 682, 576)",3k961,0.0
761,618,17,"(1022, 180, 1270, 406)","(1106, 354, 1166, 377)",96886,0.990651737703183
762,619,15,"(511, 334, 867, 624)","(601, 559, 673, 586)",3k961,0.0
763,619,17,"(1020, 185, 1271, 414)","(1103, 363, 1164, 386)",96886,0.7932974008514879
764,620,15,"(499, 343, 868, 639)","(589, 573, 662, 599)",3k961,0.0
765,620,17,"(1013, 192, 1270, 424)","(1100, 372, 1162, 395)",96886,0.5887252697088721
766,621,15,"(488, 358, 868, 650)","(578, 584, 653, 614)",3k961,0.5599576452486736
767,621,17,"(1010, 200, 1268, 432)","(1096, 382, 1160, 404)",96886,0.0
768,622,17,"(1005, 205, 1265, 442)","(1093, 390, 1155, 413)",96886,0.5092923890030725
769,622,15,"(477, 365, 851, 669)","(567, 597, 642, 625)",3k961,0.0
770,623,17,"(999, 213, 1266, 455)","(1090, 399, 1153, 424)",96886,0.9142002975557634
771,623,15,"(465, 377, 833, 690)","(555, 611, 631, 640)",3k961,0.0
772,624,17,"(980, 220, 1264, 463)","(1087, 409, 1151, 433)",96886,0.0
773,624,15,"(451, 386, 823, 692)","(543, 624, 620, 654)",JA 3k961,0.65239287108908
774,624,1,"(248, 232, 524, 474)","(325, 412, 383, 445)",8254S,0.5540470056612357
775,625,15,"(441, 394, 817, 700)","(531, 638, 609, 667)",JA 3k961,0.0
776,625,17,"(968, 226, 1262, 471)","(1083, 419, 1148, 443)",96886,0.5687066426828955
777,625,1,"(248, 232, 525, 474)","(329, 412, 384, 441)",8254S,0.0
778,626,15,"(424, 403, 809, 715)","(520, 651, 597, 680)",JA 3k961,0.0
779,626,1,"(249, 232, 526, 478)","(330, 413, 382, 440)",8254S,0.5564330338496539
780,626,17,"(973, 234, 1260, 483)","(1080, 429, 1145, 454)",96886,0.0
781,627,15,"(414, 419, 800, 715)","(506, 665, 585, 701)",JA 3k961,0.0
782,627,17,"(972, 244, 1259, 494)","(1076, 440, 1142, 464)",96886,0.5968971279282507
783,627,1,"(248, 232, 524, 475)","(324, 407, 386, 447)",82545,0.6139262865585897
784,628,17,"(976, 252, 1256, 503)","(1073, 450, 1139, 475)",96886,0.0
785,628,1,"(248, 231, 524, 475)","(324, 410, 387, 447)",82545,0.6717033811309574
786,629,17,"(972, 260, 1255, 517)","(1069, 460, 1136, 486)",96886,0.0
787,630,17,"(968, 268, 1255, 527)","(1066, 471, 1133, 497)",96886,0.0
788,631,17,"(964, 276, 1253, 536)","(1063, 484, 1131, 510)",96886,0.0
789,631,1,"(248, 231, 524, 475)","(327, 413, 384, 446)",82545,0.7776648543971806
790,632,17,"(960, 286, 1251, 551)","(1059, 496, 1127, 521)",96886,0.6961629977074901
791,633,17,"(955, 296, 1250, 562)","(1055, 507, 1125, 532)",96886,0.0
792,634,17,"(951, 303, 1249, 575)","(1051, 520, 1122, 547)",96886,0.0
793,635,17,"(946, 313, 1246, 587)","(1047, 532, 1118, 559)",96886,0.0
794,635,18,,,76190,0.5313694516127397
795,636,17,"(942, 321, 1245, 600)","(1043, 544, 1116, 572)",96886,0.0
796,637,17,"(936, 329, 1243, 618)","(1039, 559, 1112, 586)",96886,0.6302085714396892
797,638,17,"(929, 334, 1242, 632)","(1034, 573, 1109, 600)",96886,0.7093630872058743
798,639,17,"(925, 333, 1241, 650)","(1030, 586, 1105, 615)",96886,0.0
799,640,17,"(920, 346, 1238, 673)","(1026, 601, 1101, 629)",96886,0.7250095022384083
800,641,17,"(915, 350, 1235, 685)","(1021, 619, 1096, 648)",96886,0.8162903118049746
801,652,1,"(249, 232, 526, 476)","(328, 412, 380, 438)",82545,0.6541830943053484
802,668,1,"(249, 232, 526, 477)","(329, 413, 378, 439)",82545,0.0
803,669,1,"(249, 232, 526, 477)","(329, 413, 377, 439)",8254S,0.7156995187209844
804,670,1,"(249, 232, 526, 477)","(329, 413, 377, 439)",8254S,0.0
805,671,1,"(249, 232, 525, 477)","(332, 413, 378, 438)",8254S,0.5530897151897476
806,671,18,,,76190,0.832383376067765
807,673,1,"(249, 232, 525, 477)","(330, 413, 378, 438)",8254S,0.0
808,674,1,"(249, 232, 525, 477)","(330, 413, 378, 438)",8254S,0.0
809,682,1,"(250, 232, 526, 477)","(335, 413, 378, 437)",8254S,0.0
810,683,1,"(249, 232, 526, 477)","(327, 413, 377, 439)",8254S,0.0
811,684,1,"(249, 232, 526, 477)","(327, 413, 377, 439)",8254S,0.0
812,685,1,"(249, 232, 526, 477)","(327, 413, 377, 439)",8254S,0.0
813,686,1,"(249, 232, 526, 477)","(326, 413, 377, 439)",8254S,0.0
814,687,1,"(249, 232, 526, 477)","(326, 413, 377, 439)",8254S,0.0
815,688,1,"(249, 232, 526, 477)","(326, 413, 377, 439)",8254S,0.0
816,689,1,"(249, 232, 526, 477)","(326, 413, 377, 439)",8254S,0.0
817,690,18,"(781, 148, 1026, 356)","(865, 299, 922, 319)",V6190,0.5825082013920982
818,690,1,"(249, 232, 526, 477)","(326, 412, 381, 438)",8254S,0.0
819,691,18,"(780, 151, 1021, 362)","(861, 305, 919, 325)",V6190,0.5983362445149752
820,691,1,"(249, 232, 526, 477)","(326, 412, 381, 438)",8254S,0.0
821,692,1,"(249, 232, 526, 477)","(326, 412, 382, 438)",8254S,0.7164462524800658
822,692,18,"(773, 157, 1022, 365)","(858, 311, 916, 332)",V6190,0.8823541346645577
823,693,1,"(249, 232, 526, 477)","(326, 412, 382, 438)",82545,0.7164462524800658
824,693,18,"(770, 168, 1017, 372)","(855, 318, 913, 339)",V6190,0.7873095074940308
825,694,18,"(766, 172, 1015, 382)","(851, 326, 910, 347)",V6190,0.9133474496158704
826,694,1,"(249, 232, 526, 477)","(326, 413, 380, 440)",82545,0.7275257175460511
827,695,18,"(763, 177, 1013, 389)","(847, 333, 906, 354)",V6190,0.7605508788173794
828,695,1,"(249, 232, 526, 477)","(326, 412, 382, 438)",82545,0.7164462524800658
829,696,1,"(249, 232, 526, 477)","(326, 413, 380, 439)",82545,0.5256230914578798
830,696,18,"(759, 184, 1012, 395)","(843, 342, 903, 363)",V6190,0.0
831,697,1,"(249, 232, 526, 477)","(326, 413, 381, 439)",82545,0.6957124416160305
832,697,18,"(753, 188, 1011, 404)","(838, 350, 899, 372)",V6190,0.0
833,698,18,"(750, 197, 1009, 415)","(834, 358, 894, 380)",V6190,0.0
834,698,1,"(249, 232, 526, 477)","(326, 412, 382, 438)",82545,0.6334151181978931
835,699,18,"(743, 204, 1008, 424)","(829, 367, 890, 389)",V6190,0.0
836,699,1,"(249, 232, 526, 477)","(326, 412, 382, 438)",JA 8254S,0.6662771440269878
837,700,18,"(738, 211, 1004, 429)","(824, 375, 886, 398)",V6190,0.0
838,700,1,"(249, 232, 526, 477)","(326, 412, 382, 438)",JA 8254S,0.6662771440269878
839,701,1,"(249, 232, 526, 477)","(326, 412, 382, 438)",JA 8254S,0.6949159546010405
840,701,18,"(731, 218, 1002, 438)","(819, 385, 882, 408)",V6190,0.0
841,702,1,"(249, 232, 526, 477)","(325, 412, 380, 438)",JA 8254S,0.6551591782456843
842,702,18,"(725, 223, 998, 452)","(813, 394, 877, 416)",V6190,0.0
843,703,1,"(249, 232, 526, 477)","(325, 412, 380, 438)",JA 8254S,0.0
844,703,18,"(720, 229, 995, 461)","(808, 404, 872, 426)",V6190,0.6667043164595223
845,704,1,"(249, 232, 526, 477)","(325, 412, 380, 438)",JA 8254S,0.0
846,704,18,"(714, 238, 992, 470)","(802, 413, 867, 436)",V6190,0.0
847,705,18,"(706, 246, 988, 482)","(795, 422, 862, 446)",V6190,0.5167842444639882
848,705,1,"(249, 232, 526, 477)","(325, 412, 380, 438)",JA 8254S,0.0
849,706,18,"(704, 253, 984, 493)","(790, 433, 856, 456)",V6190,0.5207428782728833
850,706,1,"(249, 232, 526, 477)","(325, 412, 380, 438)",JA 8254S,0.0
851,707,18,"(693, 260, 980, 502)","(784, 444, 850, 466)",V6190,0.7310544232414928
852,707,1,"(249, 232, 526, 477)","(325, 412, 380, 438)",JA 8254S,0.0
853,708,1,"(249, 232, 526, 477)","(325, 412, 380, 438)",JA 8254S,0.0
854,708,18,"(685, 269, 978, 515)","(777, 454, 843, 477)",V6190,0.7368909586697079
855,709,1,"(249, 232, 526, 477)","(325, 412, 380, 438)",JA 8254S,0.0
856,709,18,"(678, 278, 973, 525)","(770, 465, 838, 489)",V6190,0.0
857,710,1,"(249, 232, 526, 477)","(325, 412, 380, 438)",JA 8254S,0.0
858,710,18,"(670, 286, 969, 532)","(763, 476, 831, 499)",V6190,0.0
859,711,1,"(249, 232, 526, 477)","(325, 412, 380, 438)",JA 8254S,0.0
860,711,18,"(662, 297, 966, 547)","(755, 487, 824, 511)",V6190,0.0
861,712,1,"(249, 232, 526, 477)","(325, 412, 380, 438)",JA 8254S,0.0
862,712,18,"(646, 303, 961, 561)","(747, 497, 817, 523)",V6190,0.0
863,713,1,"(249, 232, 526, 477)","(325, 412, 380, 438)",JA 8254S,0.0
864,713,18,"(645, 313, 957, 571)","(740, 510, 810, 535)",V6190,0.0
865,714,1,"(249, 232, 526, 477)","(325, 412, 380, 437)",JA 8254S,0.0
866,714,18,"(638, 321, 951, 584)","(732, 521, 803, 546)",V6190,0.0
867,715,1,"(249, 232, 526, 477)","(325, 412, 380, 437)",JA 8254S,0.0
868,715,18,"(629, 329, 948, 594)","(723, 533, 795, 559)",V6190,0.0
869,716,1,"(249, 232, 526, 477)","(325, 412, 380, 437)",JA 8254S,0.0
870,716,18,"(621, 336, 942, 607)","(714, 546, 786, 572)",V6190,0.0
871,717,1,"(249, 232, 526, 477)","(325, 412, 380, 437)",JA 8254S,0.0
872,717,18,"(611, 348, 937, 623)","(705, 559, 778, 585)",V6190,0.0
873,718,1,"(249, 232, 526, 477)","(325, 412, 380, 437)",JA 8254S,0.0
874,718,18,"(600, 361, 932, 633)","(696, 573, 770, 599)",V6190,0.0
875,719,18,"(590, 370, 925, 648)","(686, 586, 761, 613)",V6190,0.0
876,719,1,"(249, 232, 526, 477)","(325, 412, 380, 437)",JA 8254S,0.0
877,720,18,"(579, 380, 919, 670)","(676, 600, 751, 627)",V6190,0.0
878,720,1,"(249, 232, 526, 477)","(325, 412, 380, 437)",JA 8254S,0.0
879,721,1,"(249, 232, 526, 477)","(326, 412, 380, 437)",JA 8254S,0.0
880,722,1,"(249, 231, 525, 477)","(323, 412, 383, 442)",JA 8254S,0.7678285220220162
881,723,1,"(249, 231, 526, 477)","(325, 413, 382, 439)",JA 8254S,0.8174731301690754
882,724,1,"(249, 231, 526, 477)","(325, 413, 382, 439)",JA 8254S,0.8174731301690754
883,724,18,"(534, 427, 896, 713)","(632, 660, 713, 690)",V6190,0.0
884,725,1,"(249, 231, 526, 477)","(325, 413, 382, 439)",JA 8254S,0.8174731301690754
885,725,18,"(520, 437, 887, 716)","(620, 675, 704, 705)",V6190,0.0
886,726,1,"(249, 231, 526, 477)","(325, 413, 382, 439)",JA 8254S,0.8174731301690754
887,726,18,"(508, 448, 878, 713)","(608, 693, 691, 712)",V6190,0.0
888,727,1,"(249, 231, 526, 477)","(325, 413, 382, 439)",JA 8254S,0.8174731301690754
889,728,1,"(249, 231, 526, 477)","(325, 413, 382, 439)",JA 8254S,0.8174731301690754
890,729,1,"(249, 231, 526, 477)","(325, 413, 382, 439)",JA 82545,0.8174731301690754
891,730,1,"(249, 231, 526, 477)","(325, 412, 382, 439)",JA 82545,0.7430630038074236
892,731,1,"(249, 231, 526, 477)","(325, 413, 382, 439)",JA 82545,0.8174731301690754
893,732,1,"(249, 231, 526, 477)","(325, 413, 382, 439)",JA 82545,0.8174731301690754
894,733,1,"(249, 231, 526, 477)","(325, 413, 382, 439)",JA 82545,0.8174731301690754
895,734,1,"(249, 231, 526, 477)","(325, 413, 382, 439)",JA 82545,0.8174731301690754
896,735,1,"(249, 231, 526, 477)","(325, 413, 382, 439)",JA 82545,0.8174731301690754
897,736,1,"(249, 231, 526, 477)","(325, 412, 382, 439)",JA 82545,0.6457788774174832
898,737,1,"(249, 231, 525, 477)","(323, 412, 383, 443)",JA 82545,0.7892550075363359
899,738,1,"(249, 231, 525, 477)","(324, 412, 383, 443)",JA 82545,0.7374403447910082
900,739,1,"(249, 231, 525, 477)","(324, 412, 383, 443)",JA 82545,0.7323625523234629
901,740,1,"(249, 231, 525, 477)","(324, 412, 383, 443)",JA 82545,0.7660968709473035
902,741,1,"(249, 231, 525, 477)","(324, 412, 382, 442)",JA 82545,0.7262429581699933
903,742,1,"(249, 231, 525, 477)","(324, 412, 383, 442)",JA 82545,0.7070838142361728
904,743,1,"(249, 231, 525, 477)","(324, 412, 382, 442)",JA 82545,0.5956572989154203
905,744,1,"(249, 231, 525, 477)","(324, 412, 382, 442)",8254S,0.5180016972374869
906,745,1,"(249, 231, 525, 477)","(324, 412, 382, 442)",8254S,0.5923822961840001
907,746,1,"(249, 231, 525, 477)","(324, 412, 382, 442)",8254S,0.6068755134348688
908,747,1,"(249, 231, 525, 477)","(324, 412, 382, 442)",8254S,0.6068755134348688
909,748,1,"(249, 231, 525, 477)","(324, 412, 382, 442)",8254S,0.657459567232771
910,749,1,"(249, 231, 525, 477)","(324, 412, 382, 442)",8254S,0.5466696231793826
911,750,1,"(249, 231, 525, 477)","(324, 412, 382, 442)",8254S,0.5498629537592418
